{"cameraMode":{"drawMode":0,"name":"Shaded","section":"Shading Mode"},"sceneLighting":true,"audioPlay":false,"sceneViewState":{"showFog":true,"showMaterialUpdate":false,"showSkybox":true,"showFlares":true,"showImageEffects":true,"showParticleSystems":true},"in2DMode":false,"pivot":{"x":1.1409392356872559,"y":1.465155839920044,"z":0.2360248565673828},"rotation":{"x":0.13188660144805909,"y":0.023783378303050996,"z":-0.0031647789292037489,"w":0.9909790754318237},"size":14.285026550292969,"orthographic":false}